customer_id,user_risk_score,average_transaction_frequency
CUST_000000,0.13231024501365485,100.0
CUST_000001,0.7809050233959184,46.07646347359112
CUST_000002,0.11685196929620423,77.53738841814605
CUST_000003,0.9969243648952307,6.201036433517606
CUST_000004,0.393780362525201,13.23559077285063
CUST_000005,0.353469559908395,68.36305904438395
CUST_000006,0.14477516284244685,30.12112145032249
CUST_000007,0.6548790066747002,16.421235986234475
CUST_000008,0.4584874298163236,21.523755545812907
CUST_000009,0.4926101952713915,100.0
CUST_000010,0.36694652435495845,55.84962851843169
CUST_000011,0.4992363764246356,100.0
CUST_000012,0.04177486008866027,1.029924728577429
CUST_000013,0.7251412290303414,64.75242600131737
CUST_000014,0.7240171453785279,100.0
CUST_000015,0.5382400165856526,60.85581183286284
CUST_000016,0.9451948382367784,47.68679707710828
CUST_000017,0.8691301896413675,100.0
CUST_000018,0.014613576174498433,49.779958876015385
CUST_000019,0.3378027074866008,89.28867353049057
CUST_000020,0.4135599149146425,60.619433278124646
CUST_000021,0.7913425282621532,26.67602032661247
CUST_000022,0.7227294020331534,35.24380418087345
CUST_000023,0.8943560128332756,12.846483159137371
CUST_000024,0.12578547057996736,100.0
CUST_000025,0.05867580586541776,100.0
CUST_000026,0.6112023671629074,61.942329671950326
CUST_000027,0.8109152208771443,20.13012436360299
CUST_000028,0.3497162427091025,47.19351389690508
CUST_000029,0.8330091646863195,100.0
CUST_000030,0.6025861409437748,3.517301796834239
CUST_000031,0.009644316296084976,4.948519182462673
CUST_000032,0.9518566359145733,100.0
CUST_000033,0.153401988604853,34.010174301619195
CUST_000034,0.10844202094166389,100.0
CUST_000035,0.6808975909729806,26.86675056308674
CUST_000036,0.8210176449958757,17.35620206824137
CUST_000037,0.8541922744406949,100.0
CUST_000038,0.3113312169134653,57.66722159890304
CUST_000039,0.1828128756635542,48.26419694441093
CUST_000040,0.23889872079406838,100.0
CUST_000041,0.3607949088653529,43.18488926874101
CUST_000042,0.9706321692626083,100.0
CUST_000043,0.5446277034071262,60.68249223472394
CUST_000044,0.5788504158562429,70.99967041386675
CUST_000045,0.6554411080924852,100.0
CUST_000046,0.27554420854135975,100.0
CUST_000047,0.02846030856243187,100.0
CUST_000048,0.662957742174503,92.55257356440545
CUST_000049,0.5822687849374483,5.341213823971038
CUST_000050,0.7509068713254533,12.209990486765674
CUST_000051,0.04969639518582869,5.420868572168993
CUST_000052,0.5164946519299795,94.94287178449065
CUST_000053,0.22271986286058632,100.0
CUST_000054,0.729278825636741,30.798297520365388
CUST_000055,0.5345950584121496,100.0
CUST_000056,0.049924542403176786,12.832182008545736
CUST_000057,0.5679117871016236,9.323979551977086
CUST_000058,0.1474227259391916,71.83967848570425
CUST_000059,0.6624342414513043,100.0
CUST_000060,0.162325823092756,0.9522104504305632
CUST_000061,0.9222847720524838,100.0
CUST_000062,0.5644976055066291,2.934842800233331
CUST_000063,0.7275825967656848,40.82400495407519
CUST_000064,0.7519688238209592,100.0
CUST_000065,0.23956869265969027,27.375319523686002
CUST_000066,0.8753219418739058,100.0
CUST_000067,0.3489654624307824,24.516830087431934
CUST_000068,0.8200196984201344,7.293707449812836
CUST_000069,0.1367368591018301,73.30664484769792
CUST_000070,0.3129993987519121,100.0
CUST_000071,0.1851681455791302,28.001857099323956
CUST_000072,0.8438993147880725,35.7363219881476
CUST_000073,0.26341384725080863,100.0
CUST_000074,0.33583679295320157,100.0
CUST_000075,0.8525412039519018,100.0
CUST_000076,0.9614692296067302,32.489657307024586
CUST_000077,0.4019969770001435,27.96155061877687
CUST_000078,0.7506781402076026,43.08372772993962
CUST_000079,0.5398171722131035,34.95563288654772
CUST_000080,0.9260666416114093,100.0
CUST_000081,0.9612908826306866,24.939398226453655
CUST_000082,0.08753487861277442,66.66025172482702
CUST_000083,0.7824473157726988,48.2210101358883
CUST_000084,0.13151374199664678,100.0
CUST_000085,0.7080749120867876,74.71596513124624
CUST_000086,0.8440427649283696,0.6428215873185805
CUST_000087,0.4935177259147867,100.0
CUST_000088,0.16941854769611886,38.184675333732145
CUST_000089,0.8090901735802584,100.0
CUST_000090,0.15543246316357584,55.94221206041495
CUST_000091,0.4047652193750858,24.821833778118044
CUST_000092,0.9578314453702236,67.92553771921455
CUST_000093,0.506071527038629,2.612641065887965
CUST_000094,0.8645735572737862,100.0
CUST_000095,0.32482302619661496,100.0
CUST_000096,0.40293952332134675,100.0
CUST_000097,0.8152548591605321,100.0
CUST_000098,0.5551263820392754,99.55441584979181
CUST_000099,0.24505547831699326,92.17072249690058
CUST_000100,0.3147930941928999,83.64166033300071
CUST_000101,0.7616868639627964,58.826231237883405
CUST_000102,0.846828901409995,36.347107226822764
CUST_000103,0.3828402056730358,1.2855500061525087
CUST_000104,0.8471657667312719,30.774432834604127
CUST_000105,0.5188130500835579,37.22317656390962
CUST_000106,0.32091943358061814,90.25480662098838
CUST_000107,0.3363785937481153,44.3476742583139
CUST_000108,0.12201570304648068,40.36122039440732
CUST_000109,0.3983639382791573,16.16211646521819
CUST_000110,0.7988681089395606,100.0
CUST_000111,0.7747279072073935,5.201683082182052
CUST_000112,0.7361485633528412,7.295438450276983
CUST_000113,0.9063862318920928,79.97178553430875
CUST_000114,0.4793130805299698,10.42921394504083
CUST_000115,0.8628678252377361,37.12970295951219
CUST_000116,0.42534797105180455,100.0
CUST_000117,0.866791722633973,100.0
CUST_000118,0.5249812786541924,100.0
CUST_000119,0.06630555249830805,98.96443741591654
CUST_000120,0.29212211599129523,85.8025819409985
CUST_000121,0.5730158688092781,58.623405904176884
CUST_000122,0.900457301550471,94.80340798475846
CUST_000123,0.20320955597291235,100.0
CUST_000124,0.7373795877014949,4.77413777385361
CUST_000125,0.06849988420200959,37.14276209924287
CUST_000126,0.6480580300766453,12.851966710482449
CUST_000127,0.7597089064164877,100.0
CUST_000128,0.7940515746074078,92.00085399785345
CUST_000129,0.46970349021756563,13.495161917877674
CUST_000130,0.673971199914886,25.904173327824225
CUST_000131,0.777258527202249,100.0
CUST_000132,0.2035663556238284,100.0
CUST_000133,0.7993773368482157,87.0850253034832
CUST_000134,0.6559147384794829,100.0
CUST_000135,0.7009843416851277,48.72442990150117
CUST_000136,0.24798869362786757,27.901163012389496
CUST_000137,0.5638674676872647,95.14586956723879
CUST_000138,0.7806311997327663,12.051075178558934
CUST_000139,0.32825360417129745,10.141719833129065
CUST_000140,0.6074397643119829,48.07755430067825
CUST_000141,0.9964754420780133,100.0
CUST_000142,0.74835448153887,19.520719125168004
CUST_000143,0.9565904080672726,6.439569154060079
CUST_000144,0.41630246239117785,100.0
CUST_000145,0.24438466698706418,100.0
CUST_000146,0.7704127556755994,55.04283757553509
CUST_000147,0.6611279164455264,8.683695613261982
CUST_000148,0.6410156359800439,100.0
CUST_000149,0.17535263857626227,48.92255081537942
CUST_000150,0.34036082083633123,76.5441652567352
CUST_000151,0.8358329832708608,100.0
CUST_000152,0.12717072637213622,100.0
CUST_000153,0.9209353838099723,53.14429137421013
CUST_000154,0.801946115765092,100.0
CUST_000155,0.5967955741029669,100.0
CUST_000156,0.05408474483227754,83.6863686339747
CUST_000157,0.19371262569126124,100.0
CUST_000158,0.5449938239514311,60.14442141668908
CUST_000159,0.23621875436370454,100.0
CUST_000160,0.9894723193569632,46.58995386127128
CUST_000161,0.7873687017711474,65.52192722275814
CUST_000162,0.6051807164494123,68.71136818408401
CUST_000163,0.39595937351219723,87.83270687086541
CUST_000164,0.18535116069606283,100.0
CUST_000165,0.07976465301248148,100.0
CUST_000166,0.7510148117986875,100.0
CUST_000167,0.46461405279477175,13.568682513433192
CUST_000168,0.38521736749014635,9.98119748691155
CUST_000169,0.8672592853117974,50.029859515381325
CUST_000170,0.6518678183375396,34.06268210565972
CUST_000171,0.10705455847224543,67.45874956322496
CUST_000172,0.057706638553859935,100.0
CUST_000173,0.03688590409749648,100.0
CUST_000174,0.885392696696711,21.52867054044912
CUST_000175,0.16696139036547986,100.0
CUST_000176,0.7134646843322434,0.1
CUST_000177,0.07334362270221106,27.0599546968459
CUST_000178,0.9185298407010027,100.0
CUST_000179,0.9964523825057794,53.2481018052959
CUST_000180,0.04414657868749161,10.654317015883858
CUST_000181,0.16259696598491835,82.0606576584489
CUST_000182,0.008738883584423207,12.234638641369497
CUST_000183,0.8277815570753247,21.713525992289252
CUST_000184,0.9731731621399987,100.0
CUST_000185,0.7683392532954306,100.0
CUST_000186,0.7535941251262218,94.15520035181541
CUST_000187,0.31022043100273466,100.0
CUST_000188,0.2464814399152807,100.0
CUST_000189,0.7495872974845148,18.081185968691827
CUST_000190,0.04920899033712789,76.46561015646067
CUST_000191,0.5206153088906361,58.02648847042572
CUST_000192,0.2391567281917043,9.611616938096388
CUST_000193,0.5601388014385049,100.0
CUST_000194,0.46773548455733305,3.181803419308066
CUST_000195,0.18159351466655216,11.877262594986428
CUST_000196,0.21518946935454364,100.0
CUST_000197,0.9725306036015464,100.0
CUST_000198,0.5310698206123413,63.10807269809736
CUST_000199,0.8117952974464023,100.0
CUST_000200,0.6726486891836057,26.12543256035243
CUST_000201,0.06105190831553908,31.661334479916437
CUST_000202,0.8433074354047883,90.89497570343585
CUST_000203,0.6283025909741924,49.86548757211062
CUST_000204,0.0729540137667577,1.0888799505878228
CUST_000205,0.8215346496182994,100.0
CUST_000206,0.23648749513339296,100.0
CUST_000207,0.3928474114508318,79.39037014713963
CUST_000208,0.7211345799166273,12.02801060087161
CUST_000209,0.9017871684625549,100.0
CUST_000210,0.30549651776630715,75.79920698014581
CUST_000211,0.5062306664576173,100.0
CUST_000212,0.9670446342026532,24.18722170254864
CUST_000213,0.19143962186653418,75.3057496205893
CUST_000214,0.27307126297972173,5.401777668052472
CUST_000215,0.4882684474221528,30.517109596510426
CUST_000216,0.5443359503971466,70.57237614339566
CUST_000217,0.7059101125008271,100.0
CUST_000218,0.49341273026771026,5.993231152904965
CUST_000219,0.9600811601573067,100.0
CUST_000220,0.46412786281963336,48.31162582801366
CUST_000221,0.12161510068779513,87.5131465743767
CUST_000222,0.3232825828395678,56.531141774086
CUST_000223,0.1953484964098423,88.61962786878469
CUST_000224,0.8373297307491404,36.10897746374134
CUST_000225,0.8213447271942157,100.0
CUST_000226,0.20952723144007956,55.578343599577515
CUST_000227,0.9272954794303317,56.91397577308922
CUST_000228,0.3235783529972528,16.09041379170677
CUST_000229,0.534442473965555,18.060054780715205
CUST_000230,0.30136766963762507,100.0
CUST_000231,0.2067484364042258,100.0
CUST_000232,0.6857629024561948,100.0
CUST_000233,0.11492905537853737,19.625060725635198
CUST_000234,0.9105609259869111,5.077874337087379
CUST_000235,0.22861776584252158,100.0
CUST_000236,0.6827125115799992,66.10890859835595
CUST_000237,0.13253751919424173,86.99973945879154
CUST_000238,0.2555362036322193,63.974374584063334
CUST_000239,0.778064616670339,100.0
CUST_000240,0.1986688287604047,100.0
CUST_000241,0.2566236030026692,100.0
CUST_000242,0.4066748801750789,100.0
CUST_000243,0.6986878251342103,100.0
CUST_000244,0.8218207303116911,100.0
CUST_000245,0.9785209085619907,100.0
CUST_000246,0.8240604051262848,100.0
CUST_000247,0.49143337148433375,5.778470515706925
CUST_000248,0.2877475824876846,100.0
CUST_000249,0.3146708187490711,12.25876913513432
CUST_000250,0.6777097142789837,24.662353325096834
CUST_000251,0.036929225944642985,34.08503677682706
CUST_000252,0.39430665451380265,40.60611241809188
CUST_000253,0.5429142236793827,74.27745456012315
CUST_000254,0.19730051017670724,6.955655479033249
CUST_000255,0.24835329062169753,47.03751836819403
CUST_000256,0.6292943208953679,100.0
CUST_000257,0.9696319252666724,27.11138323386298
CUST_000258,0.6023523715197046,100.0
CUST_000259,0.03288388781629903,100.0
CUST_000260,0.5997304228677798,56.58053780307851
CUST_000261,0.6870053402406766,24.221268970048875
CUST_000262,0.014981315128601458,100.0
CUST_000263,0.11127795024474285,47.98547389233597
CUST_000264,0.39959154042815637,100.0
CUST_000265,0.73384705103731,100.0
CUST_000266,0.4181704153360186,100.0
CUST_000267,0.6513907855808465,59.841539227037785
CUST_000268,0.0709338016641673,100.0
CUST_000269,0.4120831689063267,29.385303928358326
CUST_000270,0.5802862588490867,100.0
CUST_000271,0.45248597978574523,100.0
CUST_000272,0.1430827089650203,16.40563161657403
CUST_000273,0.11863625770058583,100.0
CUST_000274,0.019416234925100806,100.0
CUST_000275,0.532596945274361,100.0
CUST_000276,0.1103039103635799,100.0
CUST_000277,0.9725827722348026,16.28610942725936
CUST_000278,0.564628167493543,22.37209009960408
CUST_000279,0.531804848020653,100.0
CUST_000280,0.42449755030235614,21.294836453244038
CUST_000281,0.6074051019644064,57.802122004974855
CUST_000282,0.9163019324559265,45.38231781082946
CUST_000283,0.9979402416997473,38.62042692843012
CUST_000284,0.39045579535951014,21.57245966560534
CUST_000285,0.4709414219027379,100.0
CUST_000286,0.29648696913110195,100.0
CUST_000287,0.7758765128262407,1.8046179254172294
CUST_000288,0.36219048288208633,99.31215177817117
CUST_000289,0.4141171507457333,100.0
CUST_000290,0.8443299043708028,21.604926542772688
CUST_000291,0.10256508405380593,100.0
CUST_000292,0.7958548181540664,100.0
CUST_000293,0.10374990832231856,100.0
CUST_000294,0.9200965499491544,70.35844899399042
CUST_000295,0.07567208982797491,93.03530904623301
CUST_000296,0.1256714424744203,100.0
CUST_000297,0.12018327907777682,20.756623693856003
CUST_000298,0.8528837723030886,44.3670529079386
CUST_000299,0.19014046582478894,100.0
CUST_000300,0.6724921742152551,59.355175559554674
CUST_000301,0.00502214112593613,71.24304837274448
CUST_000302,0.5544874535614543,90.34146831076293
CUST_000303,0.4474594725339458,53.385657171377886
CUST_000304,0.7227138442800403,100.0
CUST_000305,0.7359727598370077,100.0
CUST_000306,0.632518131491159,14.767345681324551
CUST_000307,0.08349153156042388,100.0
CUST_000308,0.6221769588157906,100.0
CUST_000309,0.5159018881029473,100.0
CUST_000310,0.4932303808027625,31.371684661844906
CUST_000311,0.6293591147692569,100.0
CUST_000312,0.408715519226324,100.0
CUST_000313,0.6936606824528858,100.0
CUST_000314,0.23800101174911115,23.83879498888309
CUST_000315,0.7837328464135862,100.0
CUST_000316,0.3936775517498394,8.56386956119391
CUST_000317,0.5098916474920149,100.0
CUST_000318,0.7317755676007947,100.0
CUST_000319,0.8428620039645347,1.2905145438790915
CUST_000320,0.338697149874467,18.933569794710248
CUST_000321,0.30426171993035933,18.491489246432717
CUST_000322,0.8131818454424117,22.961053136359652
CUST_000323,0.45935218179018145,94.8479029433891
CUST_000324,0.4713479900745725,32.72295208961239
CUST_000325,0.16123528921827823,38.25696254164093
CUST_000326,0.2138359601935621,17.93881012951805
CUST_000327,0.2805686835852874,14.518397073647662
CUST_000328,0.45606593566626874,100.0
CUST_000329,0.3373983764042717,100.0
CUST_000330,0.0933722394046469,8.335842838054417
CUST_000331,0.37883801445353915,40.128512070360564
CUST_000332,0.6067529301582795,24.863021302600117
CUST_000333,0.6486260821527856,21.524194720471122
CUST_000334,0.6726070655842883,70.55404871394734
CUST_000335,0.5467663881806974,100.0
CUST_000336,0.8398265389649229,59.53573384675901
CUST_000337,0.11779188781682193,10.522940863180951
CUST_000338,0.2884234435925306,14.767177673574395
CUST_000339,0.06718405195092081,40.26393239608429
CUST_000340,0.7333153290160848,15.335061216792568
CUST_000341,0.37312089709042107,49.51068077803497
CUST_000342,0.34834389709213853,12.24374382951929
CUST_000343,0.6060113847195491,0.5519890790713233
CUST_000344,0.5334651351927668,100.0
CUST_000345,0.6846094103592455,100.0
CUST_000346,0.6228247096095872,11.441358577378034
CUST_000347,0.08993671748332854,22.1213452524685
CUST_000348,0.5095656005501396,100.0
CUST_000349,0.9385583646339486,9.67781415660605
CUST_000350,0.6709975255899462,73.38834031793901
CUST_000351,0.8498294392118126,100.0
CUST_000352,0.07436751683419862,100.0
CUST_000353,0.8687892577882848,22.503553312572485
CUST_000354,0.30060460690302815,25.334128314003085
CUST_000355,0.24719406473715266,100.0
CUST_000356,0.8675878662687274,100.0
CUST_000357,0.8910152936267325,100.0
CUST_000358,0.4000424403904227,11.21230949713964
CUST_000359,0.46582502392274705,85.85483059410505
CUST_000360,0.6609481999089896,50.80262089540065
CUST_000361,0.3217733677766702,96.66928680638152
CUST_000362,0.9906255766452269,100.0
CUST_000363,0.21961698748786196,35.88508355357989
CUST_000364,0.11134225916584273,61.247307831636846
CUST_000365,0.5549383206486785,49.42211109929531
CUST_000366,0.1389198471506239,18.79175867839881
CUST_000367,0.7632060893664521,41.15258778449015
CUST_000368,0.4480622281091229,3.885220273146274
CUST_000369,0.8305886228261601,23.096661558966627
CUST_000370,0.7555482036082909,0.3267087785534799
CUST_000371,0.6808309546164037,0.362991269580062
CUST_000372,0.8551177299874548,63.825868396544024
CUST_000373,0.38925670793541467,29.291235920617748
CUST_000374,0.9838265954311848,91.93929407781039
CUST_000375,0.4493080673878258,84.996773716125
CUST_000376,0.7684581232591308,100.0
CUST_000377,0.6186909300168131,100.0
CUST_000378,0.40961271147969724,54.461596317167185
CUST_000379,0.12263596082311512,84.90091174515241
CUST_000380,0.9624701302244092,36.08616453683944
CUST_000381,0.6834272846299252,100.0
CUST_000382,0.7053617043368428,46.892579259293626
CUST_000383,0.5274083485613837,100.0
CUST_000384,0.23243641667377113,100.0
CUST_000385,0.46846261700821,14.775844823962148
CUST_000386,0.9090014003428852,100.0
CUST_000387,0.36346892054547386,100.0
CUST_000388,0.040791930212149996,100.0
CUST_000389,0.38717878047286924,100.0
CUST_000390,0.05092260926370795,100.0
CUST_000391,0.05578002566306539,76.61256492720557
CUST_000392,0.05962029766447152,100.0
CUST_000393,0.03086811474993323,33.7612743649076
CUST_000394,0.7964539269666684,100.0
CUST_000395,0.7184008091178051,99.71866227391021
CUST_000396,0.4017816819368627,100.0
CUST_000397,0.4183872122022171,6.917632938120717
CUST_000398,0.9597934036237267,13.045641353625626
CUST_000399,0.706783292103692,100.0
CUST_000400,0.6148115247403917,17.822015510795815
CUST_000401,0.7198150102774716,61.83131669341483
CUST_000402,0.1479072542124148,100.0
CUST_000403,0.6892348956737229,37.619300939554876
CUST_000404,0.7120728208012784,16.424890657585316
CUST_000405,0.5059238507497766,67.07519332193327
CUST_000406,0.36259066934240036,100.0
CUST_000407,0.8880524278928523,47.82303565093396
CUST_000408,0.6343974651638592,100.0
CUST_000409,0.7380970132507509,100.0
CUST_000410,0.5638819096111611,100.0
CUST_000411,0.8546455087829548,78.70969634909376
CUST_000412,0.7180701744889865,100.0
CUST_000413,0.4263994926481177,100.0
CUST_000414,0.4430779354189772,100.0
CUST_000415,0.28527025846207166,57.38682392340445
CUST_000416,0.9574772006737278,100.0
CUST_000417,0.4730948155230519,27.59045976500086
CUST_000418,0.5199528918572404,100.0
CUST_000419,0.4610916715157992,62.942034688604984
CUST_000420,0.983134598205306,10.710693337170753
CUST_000421,0.9641865568865966,78.01904962530367
CUST_000422,0.7730072186941177,100.0
CUST_000423,0.7518424819620996,100.0
CUST_000424,0.443381506542859,83.75184104240861
CUST_000425,0.5206012890432443,100.0
CUST_000426,0.46733866651320666,59.88980172383677
CUST_000427,0.31677029920806954,100.0
CUST_000428,0.4106572748850714,100.0
CUST_000429,0.38267120933105936,99.3174378891247
CUST_000430,0.6097208720560751,100.0
CUST_000431,0.10988421437041651,23.90383626900031
CUST_000432,0.3723804751463107,100.0
CUST_000433,0.67609118565128,100.0
CUST_000434,0.6277104050358917,78.16129978063854
CUST_000435,0.3768895641988358,12.29303075995727
CUST_000436,0.5398539225451616,100.0
CUST_000437,0.751268456915439,11.222037136705989
CUST_000438,0.00901435611893453,100.0
CUST_000439,0.8408140813467502,100.0
CUST_000440,0.811510209190452,10.229880471525219
CUST_000441,0.8651809385712254,9.109031180516844
CUST_000442,0.8518012630254643,10.729373022524731
CUST_000443,0.8902593767114417,46.584413889462006
CUST_000444,0.42746589553405356,43.25647333545338
CUST_000445,0.11389030927309551,22.03571537238263
CUST_000446,0.1278556305501405,100.0
CUST_000447,0.4231649445589438,25.605342886896782
CUST_000448,0.31169090657876086,85.98498714810118
CUST_000449,0.08794963357558161,37.461059442771
CUST_000450,0.167952481431896,100.0
CUST_000451,0.13319413443715877,80.17094404349552
CUST_000452,0.562626191164175,39.54346868193955
CUST_000453,0.054518533717124895,78.91627229230302
CUST_000454,0.19162269047335212,27.33288291188682
CUST_000455,0.5843272328850907,48.748590020721196
CUST_000456,0.05452854277245922,75.53348496678993
CUST_000457,0.6913182621717577,11.682366257067356
CUST_000458,0.5430464983095215,41.38263801197734
CUST_000459,0.24280047501686108,13.940670480838458
CUST_000460,0.48062793757980826,6.308714213295138
CUST_000461,0.9321122603488358,100.0
CUST_000462,0.9490336417730544,77.00795705672819
CUST_000463,0.3533656390836035,100.0
CUST_000464,0.1375182827224476,100.0
CUST_000465,0.7558072008869592,26.25690033850597
CUST_000466,0.35729698828615264,100.0
CUST_000467,0.42837988597776444,13.04282748104245
CUST_000468,0.42729338470080225,100.0
CUST_000469,0.7590100008563756,67.30595464448464
CUST_000470,0.2675810343088044,14.626025334180575
CUST_000471,0.5867023873205792,14.908453768943989
CUST_000472,0.9496776225799023,100.0
CUST_000473,0.35886633300903914,100.0
CUST_000474,0.22776508602606782,100.0
CUST_000475,0.8484538308719661,100.0
CUST_000476,0.9756103512669546,94.82830523619273
CUST_000477,0.21355421608302794,86.68920471542867
CUST_000478,0.4703655541874797,0.1977219581575593
CUST_000479,0.8885063074549553,100.0
CUST_000480,0.2959925388108058,2.2240359887669534
CUST_000481,0.13600729951682677,44.53940763836143
CUST_000482,0.9721712087923872,8.237716268339415
CUST_000483,0.04430622507627102,79.47466939529507
CUST_000484,0.9743849914171124,12.174893402061917
CUST_000485,0.3854670755743713,73.2664280930323
CUST_000486,0.7138753483861818,35.16752629655806
CUST_000487,0.31169316007539505,100.0
CUST_000488,0.96580990933776,32.593737216211686
CUST_000489,0.32304804191681225,100.0
CUST_000490,0.5317490822886581,36.256333889967266
CUST_000491,0.6345413495629633,7.422609168497026
CUST_000492,0.9289202473092713,21.217169500016382
CUST_000493,0.48820973139642376,100.0
CUST_000494,0.13858556853163218,76.46641600395391
CUST_000495,0.7946946054551747,2.20347116604929
CUST_000496,0.1265164773005799,45.79065362450753
CUST_000497,0.028828716571036583,49.64602533041928
CUST_000498,0.9514289263337744,80.65018259108611
CUST_000499,0.6570583682416278,100.0
CUST_000500,0.33545843888472593,5.724753538740818
CUST_000501,0.1918723822717301,100.0
CUST_000502,0.9984603116092174,100.0
CUST_000503,0.24634239007215541,71.0266290772915
CUST_000504,0.8429834250923781,100.0
CUST_000505,0.30663416443833547,100.0
CUST_000506,0.05929260070698972,69.65607198074575
CUST_000507,0.20507958440184482,100.0
CUST_000508,0.15979476835195072,100.0
CUST_000509,0.2775496566276727,87.64133844202753
CUST_000510,0.7840464702805395,8.343936813261465
CUST_000511,0.7096424807275434,34.69481857291036
CUST_000512,0.19750409822197257,62.495204420453376
CUST_000513,0.5949712426118642,0.678065143021427
CUST_000514,0.6030662219417154,100.0
CUST_000515,0.5324548529819149,2.023885885985162
CUST_000516,0.6129906073979039,6.04242643889721
CUST_000517,0.9747999062712306,9.417973048747076
CUST_000518,0.07888829448664358,53.443553542272696
CUST_000519,0.8376110125380714,100.0
CUST_000520,0.5302940681638386,100.0
CUST_000521,0.8672346049298114,51.58443426499405
CUST_000522,0.179663937871119,47.76010825403269
CUST_000523,0.3771130833574837,7.128067395849307
CUST_000524,0.2585280016466611,21.152561407898872
CUST_000525,0.9438482466063407,90.95305836598321
CUST_000526,0.5419088102225046,90.46798867234298
CUST_000527,0.5467003244681222,42.48709939932362
CUST_000528,0.4830367811120667,79.3792258791981
CUST_000529,0.27704471517642193,100.0
CUST_000530,0.015725549609267198,54.68244420620659
CUST_000531,0.6439573022534982,11.549151600870786
CUST_000532,0.8750163079900241,100.0
CUST_000533,0.9525863094166567,7.719872610239363
CUST_000534,0.9204878458187623,100.0
CUST_000535,0.0857963510720261,74.10763108235439
CUST_000536,0.9194566110277469,8.298003584304228
CUST_000537,0.6022345272289888,100.0
CUST_000538,0.08026069888059839,46.37309856310257
CUST_000539,0.4428132260170612,68.64609650358894
CUST_000540,0.5289820070269854,21.336264045647056
CUST_000541,0.18537063120909703,38.17850137419717
CUST_000542,0.2785241813210011,65.45676014666219
CUST_000543,0.9295435381644671,100.0
CUST_000544,0.336356686386045,100.0
CUST_000545,0.49550899670119064,100.0
CUST_000546,0.0830550499646695,100.0
CUST_000547,0.7726086135134629,100.0
CUST_000548,0.4524764037865008,85.306080531315
CUST_000549,0.7497103931718275,33.63427942400856
CUST_000550,0.9844584901365863,8.888960961790362
CUST_000551,0.0864631776161704,20.869521494717493
CUST_000552,0.12257464254161965,88.78442272656079
CUST_000553,0.30694636807435394,34.350976410306295
CUST_000554,0.10396513587657674,92.5793559191983
CUST_000555,0.6796747600200915,100.0
CUST_000556,0.4125053473030844,50.1609367430178
CUST_000557,0.9146559450487356,24.49077325014561
CUST_000558,0.8971853021509307,97.7635963765829
CUST_000559,0.8776816766945038,49.370293881706324
CUST_000560,0.7682431667999812,100.0
CUST_000561,0.6084747034377092,28.82510228900019
CUST_000562,0.5557832498092532,100.0
CUST_000563,0.7669134382003499,100.0
CUST_000564,0.8199546816426287,42.28103666108026
CUST_000565,0.6763478080380415,100.0
CUST_000566,0.0004743297810808622,18.77808110221179
CUST_000567,0.5513438985721578,50.47037879835307
CUST_000568,0.10327930205509461,100.0
CUST_000569,0.471984270496837,74.73373894888054
CUST_000570,0.31662665959714964,27.63823786141049
CUST_000571,0.44298333310892146,100.0
CUST_000572,0.4646708455664199,100.0
CUST_000573,0.6954713167591822,100.0
CUST_000574,0.049522350697663864,28.620772175498725
CUST_000575,0.37873269709066726,100.0
CUST_000576,0.1957560362099513,100.0
CUST_000577,0.3375316157193171,100.0
CUST_000578,0.8308220954545806,18.225351626296504
CUST_000579,0.6371072790951534,34.72254387294457
CUST_000580,0.38335421944979065,73.09924708323162
CUST_000581,0.09170976105486772,100.0
CUST_000582,0.9807902152915788,100.0
CUST_000583,0.6391008945259407,100.0
CUST_000584,0.37848238191702555,100.0
CUST_000585,0.31308786254922805,55.64194379037364
CUST_000586,0.30176221156806726,4.766009587265634
CUST_000587,0.3191962886419547,76.44110424402926
CUST_000588,0.4436475200731568,49.13338565732793
CUST_000589,0.33304627836024725,81.44814598837905
CUST_000590,0.3813936185573833,68.9675361783342
CUST_000591,0.4089585624983638,73.70041595363932
CUST_000592,0.5303656857847359,67.92706553532419
CUST_000593,0.19038810867685296,23.09604425085906
CUST_000594,0.5628484273660832,20.53713693196809
CUST_000595,0.10367768240612873,37.80961276013201
CUST_000596,0.9177898797301908,17.41599831310267
CUST_000597,0.3771246349850209,100.0
CUST_000598,0.2699002535175906,26.558718533367472
CUST_000599,0.5969337356102405,39.236186271320335
CUST_000600,0.5765374921892411,100.0
CUST_000601,0.8573846540352686,78.9272843246978
CUST_000602,0.3277964684348643,100.0
CUST_000603,0.8577719289340927,100.0
CUST_000604,0.08783381826506431,5.7538210086550245
CUST_000605,0.40015248005656634,1.7573391323980017
CUST_000606,0.43490385201947435,61.11606775474551
CUST_000607,0.494165203945083,93.68964742393484
CUST_000608,0.32265967193433787,100.0
CUST_000609,0.9057398294483784,29.515420295850024
CUST_000610,0.2477422425317467,38.883824993060166
CUST_000611,0.9335150447304447,100.0
CUST_000612,0.27702816246529405,15.035545108030304
CUST_000613,0.3209973161676949,100.0
CUST_000614,0.12262697393620892,14.272542174748517
CUST_000615,0.20124461306816654,38.20189878676178
CUST_000616,0.44784973068964895,49.823135647538116
CUST_000617,0.6977492891268272,100.0
CUST_000618,0.004280856619203632,44.036785146030624
CUST_000619,0.6156156461316498,29.649767634251134
CUST_000620,0.12660496313797776,52.38951659727756
CUST_000621,0.7325829549888323,33.324181952629374
CUST_000622,0.8328914820393651,46.68127301070942
CUST_000623,0.3423761936854093,100.0
CUST_000624,0.8907217138995817,18.5205829127009
CUST_000625,0.9245199160021726,100.0
CUST_000626,0.6182660323155222,41.25884736065799
CUST_000627,0.6334137230170852,100.0
CUST_000628,0.34322004615248836,100.0
CUST_000629,0.55009322734792,64.20000290928039
CUST_000630,0.7627697595267734,26.71905601514797
CUST_000631,0.027645313891105472,100.0
CUST_000632,0.2823138952578442,100.0
CUST_000633,0.9344337527259509,85.64255003283598
CUST_000634,0.4978398052819891,65.21343004247768
CUST_000635,0.0879060432031501,100.0
CUST_000636,0.3870390304004365,15.187309897560212
CUST_000637,0.6843766344093598,100.0
CUST_000638,0.5601249614902952,16.518606447084434
CUST_000639,0.6984171932572653,100.0
CUST_000640,0.8569473836859778,100.0
CUST_000641,0.45578271764505485,100.0
CUST_000642,0.13808742920764117,16.059173219132912
CUST_000643,0.5568916135133142,92.10658525161232
CUST_000644,0.7603156070779903,91.31421263460452
CUST_000645,0.9556209816411516,23.779110173392045
CUST_000646,0.1695622845160929,28.127790904298788
CUST_000647,0.80513305866139,73.32011002773902
CUST_000648,0.14150390347920538,25.548519392287773
CUST_000649,0.32248856029133754,68.78491889235112
CUST_000650,0.016385105143615686,85.60836175312222
CUST_000651,0.13185063320849189,100.0
CUST_000652,0.7706129219360811,100.0
CUST_000653,0.40964223425871193,100.0
CUST_000654,0.37257790228237586,10.598151563699608
CUST_000655,0.5970285310602959,74.50817865725975
CUST_000656,0.8607959661794748,40.44217750288981
CUST_000657,0.5641833566307201,11.387149359681237
CUST_000658,0.9970306473222378,67.39141633987825
CUST_000659,0.4048426617731906,13.586911632266593
CUST_000660,0.2598641103797995,4.704952126889283
CUST_000661,0.0317890778347496,54.557100798012485
CUST_000662,0.9358673278587526,100.0
CUST_000663,0.48296992934715854,42.772262944150555
CUST_000664,0.7157167872868372,100.0
CUST_000665,0.7077784807276288,2.393440771552946
CUST_000666,0.5513633730885636,100.0
CUST_000667,0.1644616324091972,100.0
CUST_000668,0.9450775810046944,32.40342754153283
CUST_000669,0.5843984019687481,49.55979227168356
CUST_000670,0.3567499745962267,100.0
CUST_000671,0.43141581106445004,64.57218071325796
CUST_000672,0.9505030276123738,100.0
CUST_000673,0.6227077880124159,13.64334999354606
CUST_000674,0.33610449460319947,94.95826507581775
CUST_000675,0.15793745149624705,100.0
CUST_000676,0.6563932754114452,100.0
CUST_000677,0.6327863929770385,89.18295576040933
CUST_000678,0.7862306107468866,37.2075683932193
CUST_000679,0.010426804622146069,81.45386135516696
CUST_000680,0.8857991044366202,13.474874902715786
CUST_000681,0.5732247495447198,100.0
CUST_000682,0.08643044617397799,2.8692563845185903
CUST_000683,0.39047288568131144,67.59575667685145
CUST_000684,0.733307651832001,5.431000926876569
CUST_000685,0.5460769654282637,28.618012766107825
CUST_000686,0.003488455334325735,100.0
CUST_000687,0.9298418701695877,44.782456881398744
CUST_000688,0.7611993285642898,54.079910384994854
CUST_000689,0.6101577641384235,100.0
CUST_000690,0.743999360483635,100.0
CUST_000691,0.866358282341381,100.0
CUST_000692,0.6513792946436747,65.4543853610936
CUST_000693,0.7997365975519495,39.51120568548331
CUST_000694,0.42166704567834357,3.404115826137927
CUST_000695,0.23208922256035147,34.56915328971566
CUST_000696,0.09567650164433139,38.96978305335186
CUST_000697,0.27062421057325614,8.527550534829196
CUST_000698,0.23607775824380628,100.0
CUST_000699,0.06752191842230726,57.584844054815576
CUST_000700,0.7209288138700438,43.283461626243415
CUST_000701,0.4933095350033271,30.52648516304509
CUST_000702,0.12348823415341481,28.670669017105578
CUST_000703,0.2525112773296321,79.83598333259171
CUST_000704,0.013976672674981927,65.13947143675234
CUST_000705,0.268436863756359,3.681908465190716
CUST_000706,0.8692235593505369,56.8863147294729
CUST_000707,0.15400375454305637,1.0188571552470502
CUST_000708,0.7918880058458648,100.0
CUST_000709,0.5439855058787155,59.10339928928837
CUST_000710,0.33933479186522597,73.84174271904392
CUST_000711,0.40680590194402255,96.7476254145485
CUST_000712,0.5614910893556172,100.0
CUST_000713,0.1060277946470124,100.0
CUST_000714,0.07872603293156277,11.764583112460686
CUST_000715,0.5354884921721895,54.2716881852274
CUST_000716,0.22283141023676833,88.28789129428402
CUST_000717,0.5043534693342915,74.29585831203359
CUST_000718,0.6694749847047783,73.84423464538375
CUST_000719,0.1000912743963509,100.0
CUST_000720,0.26191636087792713,3.336462392083195
CUST_000721,0.6060264775268778,100.0
CUST_000722,0.9471618759081009,91.54925434919441
CUST_000723,0.6079065005604876,100.0
CUST_000724,0.22942204607068606,100.0
CUST_000725,0.3996858008871712,100.0
CUST_000726,0.26649354429657257,14.891115596519505
CUST_000727,0.028075803334576932,7.315506866307208
CUST_000728,0.15410434801865425,24.57548656955097
CUST_000729,0.8582671165548346,6.662153088871533
CUST_000730,0.24455225345049192,4.1633107715875415
CUST_000731,0.42281313287795796,100.0
CUST_000732,0.72968941990835,100.0
CUST_000733,0.6080220806448132,100.0
CUST_000734,0.6736351251517555,10.45041667186171
CUST_000735,0.21456311142385598,8.607187304793005
CUST_000736,0.8309657990853714,100.0
CUST_000737,0.5106899916904002,30.840612332988226
CUST_000738,0.7395782763756855,100.0
CUST_000739,0.11247353280674943,19.322677576418165
CUST_000740,0.6208728381316522,100.0
CUST_000741,0.5426755650624365,100.0
CUST_000742,0.38182987401702273,100.0
CUST_000743,0.29688537581888674,87.68104577878593
CUST_000744,0.28233507719799467,88.7611516745811
CUST_000745,0.7829690054252242,100.0
CUST_000746,0.9264311627583024,100.0
CUST_000747,0.406106732409081,100.0
CUST_000748,0.744153676706085,100.0
CUST_000749,0.9204798605013393,100.0
CUST_000750,0.5546427062557132,28.375274466117666
CUST_000751,0.19538531210371946,3.5258922452884334
CUST_000752,0.3742594356277217,99.15387646831702
CUST_000753,0.7538921005995582,83.80641237498276
CUST_000754,0.3480713852778268,53.556957725164935
CUST_000755,0.7789319491310432,100.0
CUST_000756,0.2545898779319451,100.0
CUST_000757,0.3629079652170145,47.79636847017644
CUST_000758,0.2760336866950719,42.40169485253724
CUST_000759,0.7452521495710118,100.0
CUST_000760,0.031957700105076925,100.0
CUST_000761,0.3600914289492476,40.65035077208484
CUST_000762,0.17344180540717757,94.67033651008072
CUST_000763,0.8163802862806779,59.70718305302509
CUST_000764,0.009402831296107417,68.97698952696675
CUST_000765,0.015430425824965788,100.0
CUST_000766,0.4906576119266043,37.20105924880536
CUST_000767,0.4223955070163735,15.830789493660468
CUST_000768,0.3454290838232382,100.0
CUST_000769,0.6432814987824037,70.85157036234887
CUST_000770,0.07068253091200016,16.004549585716514
CUST_000771,0.6305528314819159,35.366593276364675
CUST_000772,0.5121002148832839,100.0
CUST_000773,0.15050723641539554,31.21457654295791
CUST_000774,0.800563779757438,11.68470989584783
CUST_000775,0.7196393813869397,86.73465034727667
CUST_000776,0.5472873721318229,5.59726345728769
CUST_000777,0.8993986169786082,36.36994576276357
CUST_000778,0.7240703627486462,100.0
CUST_000779,0.7392604661090048,26.052154807047483
CUST_000780,0.775297976684758,76.78198385955847
CUST_000781,0.2729967694569837,47.77056285630763
CUST_000782,0.524250235359243,18.104131953589835
CUST_000783,0.23795307519335496,26.593175849671958
CUST_000784,0.28239701680200613,100.0
CUST_000785,0.1868030018705894,58.21655815750057
CUST_000786,0.33296188689351947,100.0
CUST_000787,0.5082627716530662,21.845870847326633
CUST_000788,0.41613958769609305,38.61094329075134
CUST_000789,0.38126889952779575,100.0
CUST_000790,0.29325732504005675,100.0
CUST_000791,0.790251817216622,100.0
CUST_000792,0.7989281229242347,25.168186911902428
CUST_000793,0.6600573303438063,40.90044507761163
CUST_000794,0.8343047421886236,0.7911032147558746
CUST_000795,0.8981754052546634,100.0
CUST_000796,0.764226469486298,27.86577893289353
CUST_000797,0.7782221348868675,71.27691483142435
CUST_000798,0.25617858327314436,19.333824149072186
CUST_000799,0.047208220059809736,66.44070470679098
CUST_000800,0.06690446361683144,30.41976485159899
CUST_000801,0.7880019552580055,20.013835167865718
CUST_000802,0.2599988972920416,23.908703254283544
CUST_000803,0.7188057711492396,37.64018439807715
CUST_000804,0.7674898878944368,1.9617558400373059
CUST_000805,0.18604383192279017,4.037204224059527
CUST_000806,0.5214534330918341,21.582252780793482
CUST_000807,0.8416150770809729,32.41983970544863
CUST_000808,0.34276158143877056,100.0
CUST_000809,0.21792342743774573,100.0
CUST_000810,0.5032419002572217,100.0
CUST_000811,0.1931603608635788,38.726412348405646
CUST_000812,0.9544577540047681,100.0
CUST_000813,0.22669053810136597,100.0
CUST_000814,0.11381688442549809,16.609111568802955
CUST_000815,0.6771057593635992,8.521994589369143
CUST_000816,0.6053685008565313,14.754514876980265
CUST_000817,0.5907570760656038,84.46863813755742
CUST_000818,0.7631319727864675,100.0
CUST_000819,0.12172809887110281,100.0
CUST_000820,0.2313373849792738,22.46912016265997
CUST_000821,0.1134756958873887,15.393594547884204
CUST_000822,0.18519513388357534,100.0
CUST_000823,0.6169119275912486,33.622386601160855
CUST_000824,0.7440237801651152,100.0
CUST_000825,0.09162175857040611,14.207568315452548
CUST_000826,0.6842116591265012,100.0
CUST_000827,0.12133470198980234,57.94358213183229
CUST_000828,0.4507977851145655,25.401716221315557
CUST_000829,0.37325208501586926,73.23204111731206
CUST_000830,0.678760546508223,37.77545212620172
CUST_000831,0.11266393300916733,100.0
CUST_000832,0.5709605700386333,25.946445392195216
CUST_000833,0.09053059594733537,100.0
CUST_000834,0.8635012433107766,100.0
CUST_000835,0.038888768233673376,53.58060359900934
CUST_000836,0.7865581018317788,4.582194898965943
CUST_000837,0.6680305173354442,49.595672279533325
CUST_000838,0.4422097519390287,100.0
CUST_000839,0.694443510942075,100.0
CUST_000840,0.5490669498597334,26.907070992280474
CUST_000841,0.4415470985105031,100.0
CUST_000842,0.11245994984086305,61.059458318412915
CUST_000843,0.7739204804861194,100.0
CUST_000844,0.3757333321286559,40.05438370358287
CUST_000845,0.46528866182549833,45.73652847741966
CUST_000846,0.3550081187456908,35.83495900750171
CUST_000847,0.14414420072117828,29.48096955617676
CUST_000848,0.758067514453352,92.55174161903118
CUST_000849,0.18145641106969912,100.0
CUST_000850,0.7365277841850923,24.838591818151805
CUST_000851,0.49803056681668967,66.96289311918069
CUST_000852,0.22270580854886968,100.0
CUST_000853,0.7193752654397503,85.08161034791307
CUST_000854,0.21805989096481793,2.472502166829557
CUST_000855,0.8199462444158265,55.32019844508705
CUST_000856,0.12353393277528224,2.4400272686377114
CUST_000857,0.7267996923547807,77.38352981015211
CUST_000858,0.7784849266711548,33.432235077532205
CUST_000859,0.9468966445906674,5.035060953292161
CUST_000860,0.9030906146052877,86.4707960492011
CUST_000861,0.20168015089384606,100.0
CUST_000862,0.8820596794036534,12.6282274873195
CUST_000863,0.835135893835434,100.0
CUST_000864,0.060424062680684565,41.46770265932483
CUST_000865,0.5139148128249951,100.0
CUST_000866,0.3585330892126306,11.971828939050297
CUST_000867,0.15562251827129336,23.310190935188636
CUST_000868,0.7717828507502797,47.179980507119986
CUST_000869,0.9991323220282479,2.8845097745222636
CUST_000870,0.3295820686211045,68.78790642435449
CUST_000871,0.3681498040883818,11.542341714529398
CUST_000872,0.1804731909022761,58.77459260055973
CUST_000873,0.9964605791675856,100.0
CUST_000874,0.9778773201549346,40.08934225172338
CUST_000875,0.9368765470446562,100.0
CUST_000876,0.9129857832225493,6.125073004834466
CUST_000877,0.24790338998129402,60.40743368139913
CUST_000878,0.7998243717485954,56.36633406031645
CUST_000879,0.35116198912005636,32.118783591095024
CUST_000880,0.22864089238930618,60.92743241581056
CUST_000881,0.37465635583389056,64.45877994964677
CUST_000882,0.5884148326183404,2.9424224384639204
CUST_000883,0.28745840770695164,100.0
CUST_000884,0.7566290157250233,34.43997527334323
CUST_000885,0.4433694362176831,74.34522096083188
CUST_000886,0.7105190547901056,6.05276357191366
CUST_000887,0.9850408812142779,25.104308509882795
CUST_000888,0.45510106115638227,100.0
CUST_000889,0.7020578764447358,100.0
CUST_000890,0.0025030340860403566,100.0
CUST_000891,0.4641366914575642,100.0
CUST_000892,0.8553486095997218,18.537168976552707
CUST_000893,0.12926430811921286,100.0
CUST_000894,0.9426592234282588,21.62217866272032
CUST_000895,0.5171013436404658,100.0
CUST_000896,0.4608404857849555,6.5860088805269505
CUST_000897,0.43752099936967226,92.63954181668626
CUST_000898,0.7287737093765101,15.987667369001635
CUST_000899,0.8585207252799253,74.30220131425403
CUST_000900,0.18640849368274792,8.43119058924857
CUST_000901,0.5428815712002697,100.0
CUST_000902,0.15021959555418518,100.0
CUST_000903,0.9134879082701972,58.991863888770446
CUST_000904,0.38507888061061823,100.0
CUST_000905,0.04967856713001073,79.94608609318604
CUST_000906,0.5115847948122929,100.0
CUST_000907,0.4487261690404055,100.0
CUST_000908,0.20380847201623264,98.31019599133724
CUST_000909,0.3641776695604898,9.932152145031967
CUST_000910,0.31347194396730205,100.0
CUST_000911,0.13984380868477309,19.547381869302168
CUST_000912,0.26664308967969264,63.651368095962994
CUST_000913,0.4901124641886109,95.64281671189264
CUST_000914,0.18271332384906036,100.0
CUST_000915,0.32938777918649176,0.1050403383249308
CUST_000916,0.8340114550272963,26.580795556251807
CUST_000917,0.1690485481001579,100.0
CUST_000918,0.9262885407348577,100.0
CUST_000919,0.8988814386733135,51.001847916154695
CUST_000920,0.7386520291323416,18.22084693654964
CUST_000921,0.7312561609496973,75.27445404885957
CUST_000922,0.24733280062474738,100.0
CUST_000923,0.11339200463462118,22.772734349573724
CUST_000924,0.8164948018812592,32.71580677666778
CUST_000925,0.113856681341158,21.322876461919822
CUST_000926,0.3708487909035716,16.600458281187557
CUST_000927,0.3651446369767023,100.0
CUST_000928,0.1228711472325642,1.840467491817882
CUST_000929,0.2965473721963049,100.0
CUST_000930,0.8547647610158622,37.561821029105374
CUST_000931,0.6660909751690393,48.343602670319754
CUST_000932,0.40475983616191613,49.347980621646784
CUST_000933,0.008945836910323357,54.21957685307615
CUST_000934,0.5037270729960287,41.67511952670625
CUST_000935,0.8996777574946548,24.084922094643968
CUST_000936,0.4201880831310706,63.52708745199418
CUST_000937,0.26714765423668807,100.0
CUST_000938,0.2951257851063963,100.0
CUST_000939,0.8121557022835298,82.06928754138451
CUST_000940,0.36637868473108404,88.98058965270295
CUST_000941,0.39254795995823333,100.0
CUST_000942,0.45629164119945853,0.641215997442849
CUST_000943,0.24096479600153997,35.627616289412806
CUST_000944,0.9248163699538241,100.0
CUST_000945,0.39678898192043754,10.394272083619192
CUST_000946,0.9357477835489879,67.6215150502368
CUST_000947,0.7591487262645213,5.219954993877614
CUST_000948,0.13876111371750977,75.10916346684805
CUST_000949,0.3819490601845068,100.0
CUST_000950,0.5260255028049872,82.44099446571553
CUST_000951,0.07461726354204379,100.0
CUST_000952,0.24428919906815105,75.95380525279819
CUST_000953,0.23146722306551792,3.3011900369791785
CUST_000954,0.005346271720861218,100.0
CUST_000955,0.9578058569582726,61.752361774933654
CUST_000956,0.4220976911710316,88.22509485588422
CUST_000957,0.914588332406803,100.0
CUST_000958,0.18647843600714786,100.0
CUST_000959,0.5533921336664362,100.0
CUST_000960,0.5514705507363418,100.0
CUST_000961,0.893658270832031,56.72676795727924
CUST_000962,0.45470313482765845,52.498911282504565
CUST_000963,0.215456656326946,47.60306781589617
CUST_000964,0.30666754721553646,100.0
CUST_000965,0.9743655151233283,4.8097445289246465
CUST_000966,0.5160947317812393,68.91395783902836
CUST_000967,0.9609850040394032,51.58382725340944
CUST_000968,0.5234706836073312,58.31316476578904
CUST_000969,0.6341125249310658,36.15888695205207
CUST_000970,0.2990632483621368,4.639167563175088
CUST_000971,0.6201987292291966,100.0
CUST_000972,0.7737717544917411,44.59013628196003
CUST_000973,0.21552162125759322,7.972560684261593
CUST_000974,0.8726182156980988,100.0
CUST_000975,0.6036717903157478,14.67108997524723
CUST_000976,0.03717808246899845,100.0
CUST_000977,0.6928751194980542,83.99317941025599
CUST_000978,0.6961625942758565,27.153534320505994
CUST_000979,0.7650652986305525,21.574206190302032
CUST_000980,0.2545669562916639,36.858244712333494
CUST_000981,0.18721646500421352,19.28091128723596
CUST_000982,0.8580973167857023,46.06721655794308
CUST_000983,0.06863661625271555,78.91496926513868
CUST_000984,0.9398005345374127,60.29135272305827
CUST_000985,0.8672332178696183,100.0
CUST_000986,0.5201219327030359,100.0
CUST_000987,0.9540964980971941,51.11808820417026
CUST_000988,0.5047269427101826,100.0
CUST_000989,0.6323519023189473,100.0
CUST_000990,0.5566790838549746,45.528362918510204
CUST_000991,0.5867516368692087,100.0
CUST_000992,0.39087506974443853,77.94690103563407
CUST_000993,0.500017768892194,100.0
CUST_000994,0.5019965889026682,56.11232247916315
CUST_000995,0.10119102890140086,75.24590312079981
CUST_000996,0.031218876238011006,100.0
CUST_000997,0.6659275723731299,100.0
CUST_000998,0.24614204658572358,80.05840411702863
CUST_000999,0.00822719142638939,13.967230518292734
